"attendance_id","id","date","login_time","logout_time"
1,1,"2022-06-23","10:00:00","20:00:00"
2,2,"2022-07-22","10:30:00","20:00:00"
3,3,"2022-07-22","10:30:00","20:30:00"
4,4,"2022-07-22","10:30:00","20:30:00"
5,5,"2022-07-22","10:30:00","20:30:00"
6,6,"2022-07-22","11:30:00","21:30:00"
7,7,"2022-07-22","11:00:00","21:30:00"
8,8,"2022-07-22","11:00:00","21:00:00"
9,9,"2022-07-22","11:00:00","21:00:00"
10,10,"2022-07-22","11:00:00","21:00:00"
11,11,"2022-07-22","10:00:00","21:00:00"
12,12,"2022-07-22","10:15:00","21:00:00"
13,13,"2022-07-22","10:15:00","20:30:00"
14,14,"2022-07-22","10:15:00","20:25:00"
15,15,"2022-07-22","10:15:00","20:25:00"
16,16,"2022-07-22","11:15:00","20:25:00"
17,17,"2022-07-22","11:10:00","20:15:00"
18,18,"2022-07-22","11:20:00","21:30:00"
19,19,"2022-07-22","10:20:00","21:30:00"
20,20,"2022-07-22","11:10:00","21:30:00"
21,21,"2022-07-22","10:00:00","20:00:00"
22,22,"2022-07-22","10:15:00","20:30:00"
23,23,"2022-07-22","10:20:00","21:30:00"
24,24,"2022-07-22","11:10:00","21:30:00"
25,25,"2022-07-22","10:00:00","20:00:00"
26,26,"2022-07-22","10:15:00","20:30:00"
27,27,"2022-07-22","11:10:00","21:30:00"
28,28,"2022-07-22","11:10:00","21:30:00"
29,29,"2022-07-22","10:00:00","20:00:00"
30,30,"2022-07-22","10:15:00","20:30:00"
31,31,"2022-07-22","10:20:00","21:30:00"
32,32,"2022-07-22","10:20:00","21:30:00"
33,33,"2022-07-22","10:00:00","20:00:00"
34,34,"2022-07-22","10:15:00","20:30:00"
35,35,"2022-07-22","10:20:00","21:30:00"
36,36,"2022-07-22","11:10:00","21:30:00"
37,37,"2022-07-22","10:00:00","20:00:00"
38,38,"2022-07-22","10:15:00","20:30:00"
39,39,"2022-07-22","10:20:00","21:30:00"
40,40,"2022-07-22","11:10:00","21:30:00"
41,41,"2022-07-22","10:00:00","20:00:00"
42,42,"2022-07-22","10:15:00","20:30:00"
43,43,"2022-07-22","10:20:00","21:30:00"
44,44,"2022-07-22","11:10:00","21:30:00"
45,45,"2022-07-22","10:00:00","20:00:00"
46,46,"2022-07-22","10:15:00","20:30:00"
47,47,"2022-07-22","10:20:00","21:30:00"
48,48,"2022-07-22","11:10:00","21:30:00"
49,49,"2022-07-22","10:00:00","20:00:00"
50,50,"2022-07-22","10:15:00","20:30:00"
